<?xml version="1.0" encoding="UTF-8"?>
<project xmlns="http://maven.apache.org/POM/4.0.0" xmlns:xsi="http://www.w3.org/2001/XMLSchema-instance" xsi:schemaLocation="http://maven.apache.org/POM/4.0.0 http://maven.apache.org/maven-v4_0_0.xsd">
  <modelVersion>4.0.0</modelVersion>
  <groupId>com.jrodolfo.xmlparser</groupId>
  <artifactId>xmlparser</artifactId>
  <name>xmlparser</name>
  <version>1.0-SNAPSHOT</version>
  <url>http://maven.apache.org</url>
  <build>
    <finalName>xmlparser</finalName>
    <plugins>
      <plugin>
        <artifactId>maven-compiler-plugin</artifactId>
        <version>3.1</version>
        <configuration>
          <source>1.8</source>
          <target>1.8</target>
        </configuration>
      </plugin>
      <plugin>
        <artifactId>maven-dependency-plugin</artifactId>
        <executions>
          <execution>
            <id>copy-dependencies</id>
            <phase>prepare-package</phase>
            <goals>
              <goal>copy-dependencies</goal>
            </goals>
            <configuration>
              <outputDirectory>${project.build.directory}/classes/lib</outputDirectory>
              <overWriteReleases>false</overWriteReleases>
              <overWriteSnapshots>false</overWriteSnapshots>
              <overWriteIfNewer>true</overWriteIfNewer>
            </configuration>
          </execution>
        </executions>
      </plugin>
      <plugin>
        <artifactId>maven-jar-plugin</artifactId>
        <configuration>
          <archive>
            <manifest>
              <addClasspath>true</addClasspath>
              <classpathPrefix>lib</classpathPrefix>
              <mainClass>com.jrodolfo.xmlparser.App</mainClass>
            </manifest>
            <manifestEntries>
              <Class-Path>lib/</Class-Path>
            </manifestEntries>
          </archive>
        </configuration>
      </plugin>
      <plugin>
        <artifactId>maven-shade-plugin</artifactId>
        <version>2.4.3</version>
        <executions>
          <execution>
            <phase>package</phase>
            <goals>
              <goal>shade</goal>
            </goals>
            <configuration>
              <filters>
                <filter>
                  <artifact>junit:junit</artifact>
                  <includes>
                    <include>junit/framework/**</include>
                    <include>org/junit/**</include>
                  </includes>
                  <excludes>
                    <exclude>org/junit/experimental/**</exclude>
                    <exclude>org/junit/runners/**</exclude>
                  </excludes>
                  <artifact>slf4j:slf4j</artifact>
                  <includes>
                    <include>org/slf4j/**</include>
                  </includes>
                </filter>
                <filter>
                  <artifact>*:*</artifact>
                  <excludes>
                    <exclude>META-INF/*.SF</exclude>
                    <exclude>META-INF/*.DSA</exclude>
                    <exclude>META-INF/*.RSA</exclude>
                  </excludes>
                </filter>
              </filters>
            </configuration>
          </execution>
        </executions>
      </plugin>
    </plugins>
  </build>
  <properties>
    <maven-javadoc-plugin.version>2.9.1</maven-javadoc-plugin.version>
    <slf4j.version>1.7.21</slf4j.version>
    <junit.version>4.11</junit.version>
    <maven-release-plugin.version>2.5</maven-release-plugin.version>
    <maven-compiler-plugin.version>3.0</maven-compiler-plugin.version>
    <required.java.version>1.8</required.java.version>
    <maven-scm-provider-svnjava.version>2.0.6</maven-scm-provider-svnjava.version>
    <maven-jar-plugin.version>2.4</maven-jar-plugin.version>
    <maven-source-plugin.version>2.2.1</maven-source-plugin.version>
    <project.build.sourceEncoding>UTF-8</project.build.sourceEncoding>
    <maven-assembly-plugin.version>2.4</maven-assembly-plugin.version>
    <logback.version>1.1.6</logback.version>
    <maven-deploy-plugin.version>2.8.1</maven-deploy-plugin.version>
    <digester.version>3.0</digester.version>
  </properties>
</project>

