<?xml version="1.0" encoding="UTF-8"?>

<configuration debug="true">
    <!-- Logback config for tests and local execution on developer machine -->
    <!-- Further information: http://logback.qos.ch/manual/configuration.html -->
    <appender name="STDOUT" class="ch.qos.logback.core.ConsoleAppender">
        <layout class="ch.qos.logback.classic.PatternLayout">
            <Pattern>%d{yyyy-MM-dd HH:mm:ss.SSS} [%thread] %-5level %logger{36} - %msg%n</Pattern>
        </layout>
    </appender>

    <logger name="com.jrodolfo.xmlparser" level="TRACE" />

    <root level="debug">
        <appender-ref ref="STDOUT" />
    </root>

</configuration>
